﻿Designator,Footprint,Quantity,Value,LCSC Part #
"BOOT1, RST1",SW_SPST_TL3342,2,SW_SPST,
"C1, C3, C4, C5, C6, C7, C8",0402,7,100nF,C307331
"C10, C9",0402,2,1uF,C307331
"C11, C12, C13, C14, C15",C_0402,5,100nF,
C2,0402,1,10uF,C52923
"D1, D10, D11, D12, D13, D14, D15, D16, D17, D18, D19, D2, D20, D21, D22, D23, D24, D25, D26, D27, D28, D29, D3, D30, D31, D32, D33, D34, D35, D36, D37, D38, D39, D4, D40, D41, D42, D43, D44, D5, D6, D7, D8, D9",D_SOD-323,44,D_Small,
"D45, D46, D47, D48, D49",LED_WS2812B_PLCC4_5.0x5.0mm_P3.2mm,5,WS2812B,
F1,1206,1,500mA,C135341
J1,USB_C_Receptacle_HRO_TYPE-C-31-M-12,1,USB_C_Receptacle_USB2.0,
"R1, R2, R3, R4",0402,4,5.1k,
R5,R_0402,1,470,
"S1, S2",STAB_MX_2u,2,MX_stab,
"SW1_2, SW1, SW10, SW11, SW12_2, SW12, SW13_2, SW13, SW14, SW15, SW16, SW17, SW18, SW19, SW2, SW20, SW21, SW22, SW23, SW24_2, SW24, SW25_2, SW25, SW26, SW27, SW28, SW29, SW3, SW30, SW31, SW32, SW33, SW34, SW35, SW36_2, SW36, SW37, SW38, SW39, SW4, SW40, SW41, SW42, SW43, SW44, SW5, SW6, SW7, SW8, SW9",SW_MX_HS_CPG151101S11_1u,50,MX_SW_HS,
U1,LQFP-48_7x7mm_P0.5mm,1,STM32F072CBT6,
U2,SOT-143,1,PRTR5V0U2X,C2827688
U3,SOT-23,1,XC6206PxxxMR-Regulator_Linear,C5446
